from_bus_agg,to_bus_agg,branch_id,r,x,b,status,rateA,rateB,rateC,ratio,angle,status,angmin,angmax,Pf,Qf,Pt,Qt,mu_Sf,mu_St,mu_angmin,mu_angmax,branch_device_type,interconnect
101,102,121,0.00281,0.0281,0,1,600,0,0,0,0,0,0,0,0,0,0,0,0,0,0,0,Line,Texas
101,102,120,0.00281,0.0281,0,1,600,0,0,0,0,0,0,0,0,0,0,0,0,0,0,0,Line,Texas
101,104,122,0.00304,0.0304,0,1,600,0,0,0,0,0,0,0,0,0,0,0,0,0,0,0,Line,Texas
101,105,123,0.00064,0.0064,0,1,600,0,0,0,0,0,0,0,0,0,0,0,0,0,0,0,Line,Texas
102,103,124,0.00108,0.0108,0,1,600,0,0,0,0,0,0,0,0,0,0,0,0,0,0,0,Line,Texas
103,104,125,0.00297,0.0297,0,1,600,0,0,0,0,0,0,0,0,0,0,0,0,0,0,0,Line,Texas
104,105,126,0.00297,0.0297,0,1,200,0,0,0,0,0,0,0,0,0,0,0,0,0,0,0,Line,Texas
105,104,127,0.00297,0.0297,0,1,200,0,0,0,0,0,0,0,0,0,0,0,0,0,0,0,Line,Texas
